"BtcTx(block_height=643950, block_hash=0000000000000000000c28443f33a673413943d5ae2c0b1fd873946a833137d4, block_time=1597553558, confirmations=1, fee=54129205, hash=41df62ecfd7f798eb6b192afa9de10d1c54f5c43026aee07a52cbf0737218407, inputs_count=1, inputs_value=0, is_coinbase=true, is_double_spend=false, is_sw_tx=true, lock_time=1337030571, outputs_count=4, outputs_value=679129205, sigops=4, size=362, version=1, vsize=335, weight=1340, witness_hash=67484a3b6c0d211671981631439343513a912bee0dc2b9b3a34531513b88f16b, inputs=[{""sequence"":4294967295,""prev_addresses"":[""""],""prev_tx_hash"":""0000000000000000000000000000000000000000000000000000000000000000"",""prev_value"":0,""prev_position"":-1,""prev_type"":""NONSTANDARD""}], outputs=[{""spent_by_tx"":"""",""addresses"":[""1NH2b137CM62oJAacCST3VkQMf71E4aS33""],""spent_by_tx_position"":-1,""type"":""P2PKH"",""value"":679129205},{""spent_by_tx"":"""",""addresses"":[""""],""spent_by_tx_position"":-1,""type"":""NULL_DATA"",""value"":0},{""spent_by_tx"":"""",""addresses"":[""""],""spent_by_tx_position"":-1,""type"":""NULL_DATA"",""value"":0},{""spent_by_tx"":"""",""addresses"":[""""],""spent_by_tx_position"":-1,""type"":""NULL_DATA"",""value"":0}])"
"BtcTx(block_height=643950, block_hash=0000000000000000000c28443f33a673413943d5ae2c0b1fd873946a833137d4, block_time=1597553558, confirmations=1, fee=147896, hash=ba9f5c4240133bd74349c96fa871f3d710acefc95bf25e0b88051026e4409cee, inputs_count=1, inputs_value=4207255, is_coinbase=false, is_double_spend=false, is_sw_tx=false, lock_time=0, outputs_count=2, outputs_value=4059359, sigops=4, size=224, version=2, vsize=224, weight=896, witness_hash=ba9f5c4240133bd74349c96fa871f3d710acefc95bf25e0b88051026e4409cee, inputs=[{""sequence"":4294967295,""prev_addresses"":[""1NVfaDcn7uxfQVPk9v6znTbZcLEhj1Z96E""],""prev_tx_hash"":""a44d5c6b4f47d498c9b5c33404e32ec30c1818d9c3765985a500a248bde0fed0"",""prev_value"":4207255,""prev_position"":1,""prev_type"":""P2PKH""}], outputs=[{""spent_by_tx"":"""",""addresses"":[""36aXk77kKEKbhuNacwaJSSs5jeTiT6qRh7""],""spent_by_tx_position"":-1,""type"":""P2SH"",""value"":419823},{""spent_by_tx"":"""",""addresses"":[""1PXWiknpAhoQzVCTGac7jfiFNTVyuqyD6C""],""spent_by_tx_position"":-1,""type"":""P2PKH"",""value"":3639536}])"
"BtcTx(block_height=643950, block_hash=0000000000000000000c28443f33a673413943d5ae2c0b1fd873946a833137d4, block_time=1597553558, confirmations=1, fee=50000, hash=c7589c1de38b9f943f541b6c608056fdb8789c263ea8b22bc3192b3859a7997d, inputs_count=1, inputs_value=4787822, is_coinbase=false, is_double_spend=false, is_sw_tx=true, lock_time=643949, outputs_count=2, outputs_value=4737822, sigops=1, size=247, version=2, vsize=166, weight=661, witness_hash=2ab42c9c4deba6fe2c062e043ef39e1d64a255d4f38cc94bfbf1a38c2d05bc43, inputs=[{""sequence"":4294967294,""prev_addresses"":[""3LQrnuFmJ4u5zRpege5DTVUcxPWrDphhNC""],""prev_tx_hash"":""b2fa4bb0f5006274bc69cd884b3503b7dba642febd3ffa0daa0bc0eedb3a446d"",""prev_value"":4787822,""prev_position"":0,""prev_type"":""P2SH""}], outputs=[{""spent_by_tx"":"""",""addresses"":[""3LEz4mXQdRMGWzNhvgYQmuabV4hPRsHvVK""],""spent_by_tx_position"":-1,""type"":""P2SH"",""value"":4005271},{""spent_by_tx"":"""",""addresses"":[""35ceRSyJJfLNHR38eTfh7WzB9xxKchFzBm""],""spent_by_tx_position"":-1,""type"":""P2SH"",""value"":732551}])"
"BtcTx(block_height=643950, block_hash=0000000000000000000c28443f33a673413943d5ae2c0b1fd873946a833137d4, block_time=1597553558, confirmations=1, fee=60000, hash=aed68afe788bfbf6536cbbfe87c4f72c8394a58abd96876f6e20358cd2efdbf5, inputs_count=1, inputs_value=12590460, is_coinbase=false, is_double_spend=false, is_sw_tx=true, lock_time=0, outputs_count=2, outputs_value=12530460, sigops=3, size=404, version=1, vsize=214, weight=854, witness_hash=f9c3a345702e12bae3b7d48bd7787b3e2276644b4b1d36895105e7f64e41d391, inputs=[{""sequence"":4294967295,""prev_addresses"":[""3FMLTKd9Si4fsABiEojvaAheHprveYbdPf""],""prev_tx_hash"":""1eb26a482fa464b5bb42f4fa024c6f277d77d695348d1451fd9b92552dcf6631"",""prev_value"":12590460,""prev_position"":1,""prev_type"":""P2SH""}], outputs=[{""spent_by_tx"":"""",""addresses"":[""37c5xderrxu3bsZ8YVGQebnpvbUWr8xRKs""],""spent_by_tx_position"":-1,""type"":""P2SH"",""value"":10330460},{""spent_by_tx"":"""",""addresses"":[""3LoL9bJYrXNZFRM3yNwHLCWs7ZADZsQ3kv""],""spent_by_tx_position"":-1,""type"":""P2SH"",""value"":2200000}])"
"BtcTx(block_height=643950, block_hash=0000000000000000000c28443f33a673413943d5ae2c0b1fd873946a833137d4, block_time=1597553558, confirmations=1, fee=50000, hash=8218ca39804e2c26bde2537a3110bc602a30321f54c38c11d399c2e74e86da4e, inputs_count=1, inputs_value=2000000, is_coinbase=false, is_double_spend=false, is_sw_tx=false, lock_time=0, outputs_count=1, outputs_value=1950000, sigops=4, size=192, version=2, vsize=192, weight=768, witness_hash=8218ca39804e2c26bde2537a3110bc602a30321f54c38c11d399c2e74e86da4e, inputs=[{""sequence"":4294967295,""prev_addresses"":[""1AYpjgkk5VQEa9smZWKnMHYifgPSpdYqnt""],""prev_tx_hash"":""0596cef20e9540e331c5343916ecd32204d272db53b40d2e05db03d8bdde78d7"",""prev_value"":2000000,""prev_position"":1,""prev_type"":""P2PKH""}], outputs=[{""spent_by_tx"":"""",""addresses"":[""1DPRbsoKXxwzgaMF98Zja4qFCaggiNEah2""],""spent_by_tx_position"":-1,""type"":""P2PKH"",""value"":1950000}])"
"BtcTx(block_height=643950, block_hash=0000000000000000000c28443f33a673413943d5ae2c0b1fd873946a833137d4, block_time=1597553558, confirmations=1, fee=79730, hash=56e31d73e3c3114bc12299e2af5334015717b07e903947b5b586d1407a702fe6, inputs_count=4, inputs_value=46442952, is_coinbase=false, is_double_spend=false, is_sw_tx=true, lock_time=0, outputs_count=2, outputs_value=46363222, sigops=4, size=668, version=2, vsize=344, weight=1376, witness_hash=34825f4f6e8f00baeaa50c4c2f47158e173d72c9862d59aae539f6518aabc048, inputs=[{""sequence"":4294967295,""prev_addresses"":[""bc1qyzxdu4px4jy8gwhcj82zpv7qzhvc0fvumgnh0r""],""prev_tx_hash"":""5a000e184202fac55eda8785b6a86e4678c09f0e5bbebd95252f82503a41610d"",""prev_value"":135800,""prev_position"":0,""prev_type"":""P2WPKH_V0""},{""sequence"":4294967295,""prev_addresses"":[""bc1qyzxdu4px4jy8gwhcj82zpv7qzhvc0fvumgnh0r""],""prev_tx_hash"":""f9db5434a5a42a968e47836c1346733fc8f39909a52f2e7dd4180ad0144d3963"",""prev_value"":213338,""prev_position"":0,""prev_type"":""P2WPKH_V0""},{""sequence"":4294967295,""prev_addresses"":[""bc1qyzxdu4px4jy8gwhcj82zpv7qzhvc0fvumgnh0r""],""prev_tx_hash"":""2b828db1c5c57d591aeebba80ba42587ff4f79dfcad61e840d4b50a7b59ca5fc"",""prev_value"":3781685,""prev_position"":0,""prev_type"":""P2WPKH_V0""},{""sequence"":4294967295,""prev_addresses"":[""bc1qyzxdu4px4jy8gwhcj82zpv7qzhvc0fvumgnh0r""],""prev_tx_hash"":""3751e0fa37122e6e85ed9bdb75ecf424a31e2dbb964df2dd3395414189b512e3"",""prev_value"":42312129,""prev_position"":1,""prev_type"":""P2WPKH_V0""}], outputs=[{""spent_by_tx"":"""",""addresses"":[""bc1qkjeufdk2zj9c5f2aqtw50vumlrfpv9qz6v7adr""],""spent_by_tx_position"":-1,""type"":""P2WPKH_V0"",""value"":8497654},{""spent_by_tx"":"""",""addresses"":[""bc1qyzxdu4px4jy8gwhcj82zpv7qzhvc0fvumgnh0r""],""spent_by_tx_position"":-1,""type"":""P2WPKH_V0"",""value"":37865568}])"
"BtcTx(block_height=643950, block_hash=0000000000000000000c28443f33a673413943d5ae2c0b1fd873946a833137d4, block_time=1597553558, confirmations=1, fee=62118, hash=73817a60adb661d2f62f6e6a73baa8bbc1f222aab29648e155f7c67c3d8b0e34, inputs_count=3, inputs_value=6224980, is_coinbase=false, is_double_spend=false, is_sw_tx=true, lock_time=0, outputs_count=2, outputs_value=6162862, sigops=7, size=522, version=2, vsize=279, weight=1116, witness_hash=fd45b2da96408fae466abcad68a2fdb976037b63abda8ba514ea0556a314152d, inputs=[{""sequence"":4294967295,""prev_addresses"":[""bc1qyzxdu4px4jy8gwhcj82zpv7qzhvc0fvumgnh0r""],""prev_tx_hash"":""f5dc4ca25e5f1f9858c4a0ca828501c95a9bab2333eb6d4aa3bfeab4e5d3024a"",""prev_value"":2746073,""prev_position"":1,""prev_type"":""P2WPKH_V0""},{""sequence"":4294967295,""prev_addresses"":[""bc1qyzxdu4px4jy8gwhcj82zpv7qzhvc0fvumgnh0r""],""prev_tx_hash"":""647f15ae0e88e0b58a4ed3c107aa754915041b03a91fcd206cc67c43f81b4d8f"",""prev_value"":602842,""prev_position"":1,""prev_type"":""P2WPKH_V0""},{""sequence"":4294967295,""prev_addresses"":[""bc1qyzxdu4px4jy8gwhcj82zpv7qzhvc0fvumgnh0r""],""prev_tx_hash"":""299680f7d9f2665e5aacc17b98e24a9b838dbd63c0182ac743b40e653ca0336a"",""prev_value"":2876065,""prev_position"":1,""prev_type"":""P2WPKH_V0""}], outputs=[{""spent_by_tx"":"""",""addresses"":[""1PG8oNDxvxRodVEn2WjARNqSFussPmytvu""],""spent_by_tx_position"":-1,""type"":""P2PKH"",""value"":4276350},{""spent_by_tx"":"""",""addresses"":[""bc1qyzxdu4px4jy8gwhcj82zpv7qzhvc0fvumgnh0r""],""spent_by_tx_position"":-1,""type"":""P2WPKH_V0"",""value"":1886512}])"
"BtcTx(block_height=643950, block_hash=0000000000000000000c28443f33a673413943d5ae2c0b1fd873946a833137d4, block_time=1597553558, confirmations=1, fee=56320, hash=45cf71e268a38cb42fff408c32b06db7cf796dbec60a213f3d60c04a9b91fe0e, inputs_count=1, inputs_value=88653696, is_coinbase=false, is_double_spend=false, is_sw_tx=false, lock_time=643948, outputs_count=3, outputs_value=88597376, sigops=8, size=256, version=2, vsize=256, weight=1024, witness_hash=45cf71e268a38cb42fff408c32b06db7cf796dbec60a213f3d60c04a9b91fe0e, inputs=[{""sequence"":4294967294,""prev_addresses"":[""1ERmw8uX3gQZ6fi242nEYGNCuWny2ibJPz""],""prev_tx_hash"":""b381dec4ddcf2cbc3d2f588b76b8d9e76954a3ffffb7e99200a675d07465147d"",""prev_value"":88653696,""prev_position"":0,""prev_type"":""P2PKH""}], outputs=[{""spent_by_tx"":"""",""addresses"":[""""],""spent_by_tx_position"":-1,""type"":""NULL_DATA"",""value"":0},{""spent_by_tx"":"""",""addresses"":[""1DCnd4dHu3jaGVNVUCTdQRZS4mEwpqabqe""],""spent_by_tx_position"":-1,""type"":""P2PKH"",""value"":546},{""spent_by_tx"":"""",""addresses"":[""1ERmw8uX3gQZ6fi242nEYGNCuWny2ibJPz""],""spent_by_tx_position"":-1,""type"":""P2PKH"",""value"":88596830}])"
"BtcTx(block_height=643950, block_hash=0000000000000000000c28443f33a673413943d5ae2c0b1fd873946a833137d4, block_time=1597553558, confirmations=1, fee=100000, hash=e9928b8ddd511ad3180bc16e0c77e3854d520cd60a7fb3ffba7be5125ed0b92e, inputs_count=2, inputs_value=1836708391, is_coinbase=false, is_double_spend=false, is_sw_tx=false, lock_time=0, outputs_count=3, outputs_value=1836608391, sigops=8, size=469, version=2, vsize=469, weight=1876, witness_hash=e9928b8ddd511ad3180bc16e0c77e3854d520cd60a7fb3ffba7be5125ed0b92e, inputs=[{""sequence"":4294967295,""prev_addresses"":[""17A16QmavnUfCW11DAApiJxp7ARnxN5pGX""],""prev_tx_hash"":""914907ba0576f411d551ecb87d10240d4a9de3d8ae6b8c7c1455b9dc154d912f"",""prev_value"":248757651,""prev_position"":2,""prev_type"":""P2PKH""},{""sequence"":4294967295,""prev_addresses"":[""17A16QmavnUfCW11DAApiJxp7ARnxN5pGX""],""prev_tx_hash"":""41e31d4f4e4f14442e511da6357848260d800a4588204c868dac1a72c5f7c9e2"",""prev_value"":1587950740,""prev_position"":2,""prev_type"":""P2PKH""}], outputs=[{""spent_by_tx"":"""",""addresses"":[""127ubSaXTUXSnZzEUuSu8TrPw5niScStkg""],""spent_by_tx_position"":-1,""type"":""P2PKH"",""value"":144738507},{""spent_by_tx"":"""",""addresses"":[""3P9Wh1nytMLRv8grvPTk4oUMmJpT3SeuRA""],""spent_by_tx_position"":-1,""type"":""P2SH"",""value"":247821683},{""spent_by_tx"":"""",""addresses"":[""17A16QmavnUfCW11DAApiJxp7ARnxN5pGX""],""spent_by_tx_position"":-1,""type"":""P2PKH"",""value"":1444048201}])"
"BtcTx(block_height=643950, block_hash=0000000000000000000c28443f33a673413943d5ae2c0b1fd873946a833137d4, block_time=1597553558, confirmations=1, fee=51417, hash=927a057e5222313384db38d9c659254ae72f22aa3ebb572958462bc532e6d700, inputs_count=2, inputs_value=2852000, is_coinbase=false, is_double_spend=false, is_sw_tx=true, lock_time=0, outputs_count=2, outputs_value=2800583, sigops=2, size=418, version=2, vsize=256, weight=1024, witness_hash=9b32c0395fa7b0b56913d3376e46990e54d3c2d1c602e283998bb293691a6520, inputs=[{""sequence"":4294967295,""prev_addresses"":[""3F4RuRVpz72wQjNoyPCzc5ynUsRWskmDHV""],""prev_tx_hash"":""44b19afe66075090f309432823972432912a5527fe2a7edd021b0961596fb5c3"",""prev_value"":1042000,""prev_position"":0,""prev_type"":""P2SH""},{""sequence"":4294967295,""prev_addresses"":[""33gwuMM5sYt7zAEc5WQ1SChs8FSGoj7L82""],""prev_tx_hash"":""ba9ee0d486419ca2258080a1b21ea6596851de2b8dd4da87464a7ae3d19f08f2"",""prev_value"":1810000,""prev_position"":1,""prev_type"":""P2SH""}], outputs=[{""spent_by_tx"":"""",""addresses"":[""3EtaSei8rLi9NArYc2oGcX6CGdAF1jdGKF""],""spent_by_tx_position"":-1,""type"":""P2SH"",""value"":1800000},{""spent_by_tx"":"""",""addresses"":[""3C5woZPGhufaEUp7qnhcJ6xnj9joBj1mKk""],""spent_by_tx_position"":-1,""type"":""P2SH"",""value"":1000583}])"
"BtcTx(block_height=643950, block_hash=0000000000000000000c28443f33a673413943d5ae2c0b1fd873946a833137d4, block_time=1597553558, confirmations=1, fee=37000, hash=b63803ecbce5a83e3ecd5bacfdedfcf2a18891c2b177f1efa4e463111843d587, inputs_count=1, inputs_value=17820930, is_coinbase=false, is_double_spend=false, is_sw_tx=false, lock_time=0, outputs_count=1, outputs_value=17783930, sigops=0, size=190, version=1, vsize=190, weight=760, witness_hash=b63803ecbce5a83e3ecd5bacfdedfcf2a18891c2b177f1efa4e463111843d587, inputs=[{""sequence"":4294967295,""prev_addresses"":[""165aQ5gj33VPTsgBy8cGQY92PwFZUMJBcA""],""prev_tx_hash"":""7372dabb926513a7d793a18fbdda823aa576472153e5ea08d11b315a71ee1934"",""prev_value"":17820930,""prev_position"":0,""prev_type"":""P2PKH""}], outputs=[{""spent_by_tx"":"""",""addresses"":[""3H7XbsNqhYSdg2ThcgG5BhtqqVA4ytT9Dy""],""spent_by_tx_position"":-1,""type"":""P2SH"",""value"":17783930}])"
"BtcTx(block_height=643950, block_hash=0000000000000000000c28443f33a673413943d5ae2c0b1fd873946a833137d4, block_time=1597553558, confirmations=1, fee=26894, hash=5f39125963efac0d498a1cc21a0cb1b848e13668df3fdc800a76c11fcada1a23, inputs_count=1, inputs_value=7605141, is_coinbase=false, is_double_spend=false, is_sw_tx=true, lock_time=0, outputs_count=2, outputs_value=7578247, sigops=1, size=224, version=2, vsize=142, weight=566, witness_hash=e6c7b278e037fd2d4509dcf6446d1a0e3c37dedf27d0cf8b0782a52e4210a5b4, inputs=[{""sequence"":4294967295,""prev_addresses"":[""bc1qyzxdu4px4jy8gwhcj82zpv7qzhvc0fvumgnh0r""],""prev_tx_hash"":""ad805765c919f1522e05bc641f5f3c237be066c7e97d979c4ebf477dded30779"",""prev_value"":7605141,""prev_position"":1,""prev_type"":""P2WPKH_V0""}], outputs=[{""spent_by_tx"":"""",""addresses"":[""3PmjkHsowSoVPuy73gvxkYu2Hn4cEo1LrZ""],""spent_by_tx_position"":-1,""type"":""P2SH"",""value"":872302},{""spent_by_tx"":"""",""addresses"":[""bc1qyzxdu4px4jy8gwhcj82zpv7qzhvc0fvumgnh0r""],""spent_by_tx_position"":-1,""type"":""P2WPKH_V0"",""value"":6705945}])"
"BtcTx(block_height=643950, block_hash=0000000000000000000c28443f33a673413943d5ae2c0b1fd873946a833137d4, block_time=1597553558, confirmations=1, fee=26894, hash=18542c14f44e3fd5a01f031ef1d288c5977f801be8df844fd3c88a6d3ce8a431, inputs_count=1, inputs_value=18010000, is_coinbase=false, is_double_spend=false, is_sw_tx=true, lock_time=0, outputs_count=2, outputs_value=17983106, sigops=1, size=223, version=2, vsize=142, weight=565, witness_hash=e5f3e30ed5ca805544328de7b4107cc55c3f06851ae2fc6e42ef892b5c948067, inputs=[{""sequence"":4294967295,""prev_addresses"":[""bc1qyzxdu4px4jy8gwhcj82zpv7qzhvc0fvumgnh0r""],""prev_tx_hash"":""54d9e07902644f1058efe5df0dced990e2544e10cfbf39a55214e5f0ffa66544"",""prev_value"":18010000,""prev_position"":0,""prev_type"":""P2WPKH_V0""}], outputs=[{""spent_by_tx"":"""",""addresses"":[""3PzJG8MYybjpXkAKgMJSAQtdhpoW2m6sH7""],""spent_by_tx_position"":-1,""type"":""P2SH"",""value"":541750},{""spent_by_tx"":"""",""addresses"":[""bc1qyzxdu4px4jy8gwhcj82zpv7qzhvc0fvumgnh0r""],""spent_by_tx_position"":-1,""type"":""P2WPKH_V0"",""value"":17441356}])"
"BtcTx(block_height=643950, block_hash=0000000000000000000c28443f33a673413943d5ae2c0b1fd873946a833137d4, block_time=1597553558, confirmations=1, fee=26894, hash=f6a812cac617e8cd2e3027381d6273b120e462d6e929a5ef430d369b6c977f20, inputs_count=1, inputs_value=1147341, is_coinbase=false, is_double_spend=false, is_sw_tx=true, lock_time=0, outputs_count=2, outputs_value=1120447, sigops=5, size=226, version=2, vsize=144, weight=574, witness_hash=ed62ecd144c53a6411764117491130ab79c43418fd633ad53f34039d7b4c0b60, inputs=[{""sequence"":4294967295,""prev_addresses"":[""bc1qyzxdu4px4jy8gwhcj82zpv7qzhvc0fvumgnh0r""],""prev_tx_hash"":""ce2d2b2f907ebe65ac9a7ac868126562950db697617f2cc5fbba171ed17328c4"",""prev_value"":1147341,""prev_position"":0,""prev_type"":""P2WPKH_V0""}], outputs=[{""spent_by_tx"":"""",""addresses"":[""1PG8oNDxvxRodVEn2WjARNqSFussPmytvu""],""spent_by_tx_position"":-1,""type"":""P2PKH"",""value"":210834},{""spent_by_tx"":"""",""addresses"":[""bc1qyzxdu4px4jy8gwhcj82zpv7qzhvc0fvumgnh0r""],""spent_by_tx_position"":-1,""type"":""P2WPKH_V0"",""value"":909613}])"
"BtcTx(block_height=643950, block_hash=0000000000000000000c28443f33a673413943d5ae2c0b1fd873946a833137d4, block_time=1597553558, confirmations=1, fee=26894, hash=69050f5dc41d27aa4cdf8ad6af055bd2ca2343d05bf0516c4a78093a9ac7d877, inputs_count=1, inputs_value=560891, is_coinbase=false, is_double_spend=false, is_sw_tx=true, lock_time=0, outputs_count=2, outputs_value=533997, sigops=5, size=225, version=2, vsize=144, weight=573, witness_hash=790ec4badfb624baa32caf5e6954a978b6820b3d206e6369baf62abde923e2c8, inputs=[{""sequence"":4294967295,""prev_addresses"":[""bc1qyzxdu4px4jy8gwhcj82zpv7qzhvc0fvumgnh0r""],""prev_tx_hash"":""924fa9fb8e67c2e44df3bac58e304d8f41835559ee6f19fef09290e0703200fe"",""prev_value"":560891,""prev_position"":1,""prev_type"":""P2WPKH_V0""}], outputs=[{""spent_by_tx"":"""",""addresses"":[""1BfKZ5aiAgk4b8yj5LX8iyWktLGARJhsHv""],""spent_by_tx_position"":-1,""type"":""P2PKH"",""value"":199859},{""spent_by_tx"":"""",""addresses"":[""bc1qyzxdu4px4jy8gwhcj82zpv7qzhvc0fvumgnh0r""],""spent_by_tx_position"":-1,""type"":""P2WPKH_V0"",""value"":334138}])"
"BtcTx(block_height=643950, block_hash=0000000000000000000c28443f33a673413943d5ae2c0b1fd873946a833137d4, block_time=1597553558, confirmations=1, fee=26894, hash=1e3c95042c0d8259601b5f9b1b517f90556c3c1f11474763c41a3f9b931373af, inputs_count=1, inputs_value=212000, is_coinbase=false, is_double_spend=false, is_sw_tx=true, lock_time=0, outputs_count=2, outputs_value=185106, sigops=5, size=225, version=2, vsize=144, weight=573, witness_hash=cdc264eb58f200dc971a64adaf6247d5ac6046d4433c3f2c9e966615e2f2ccda, inputs=[{""sequence"":4294967295,""prev_addresses"":[""bc1qyzxdu4px4jy8gwhcj82zpv7qzhvc0fvumgnh0r""],""prev_tx_hash"":""b164e3bf149e8d9f36b6b297b7699fef81f630ccff5aaa272d978e3a2b27595c"",""prev_value"":212000,""prev_position"":0,""prev_type"":""P2WPKH_V0""}], outputs=[{""spent_by_tx"":"""",""addresses"":[""1PG8oNDxvxRodVEn2WjARNqSFussPmytvu""],""spent_by_tx_position"":-1,""type"":""P2PKH"",""value"":135053},{""spent_by_tx"":"""",""addresses"":[""bc1qyzxdu4px4jy8gwhcj82zpv7qzhvc0fvumgnh0r""],""spent_by_tx_position"":-1,""type"":""P2WPKH_V0"",""value"":50053}])"
"BtcTx(block_height=643950, block_hash=0000000000000000000c28443f33a673413943d5ae2c0b1fd873946a833137d4, block_time=1597553558, confirmations=1, fee=26894, hash=6e54363256163b31dbef197691b952241e2d966bbf75f7aa29f42c0ba0cdbcf8, inputs_count=1, inputs_value=6000000, is_coinbase=false, is_double_spend=false, is_sw_tx=true, lock_time=0, outputs_count=2, outputs_value=5973106, sigops=5, size=226, version=2, vsize=144, weight=574, witness_hash=70b06749732f62c2e3898d717d91fcbbb3c958923f8f12b95cb7565ab010bb52, inputs=[{""sequence"":4294967295,""prev_addresses"":[""bc1qyzxdu4px4jy8gwhcj82zpv7qzhvc0fvumgnh0r""],""prev_tx_hash"":""ad38ff508a3eedff7718ac1b0783a8b5b695cfdc409e705524e808f7ec877ecf"",""prev_value"":6000000,""prev_position"":0,""prev_type"":""P2WPKH_V0""}], outputs=[{""spent_by_tx"":"""",""addresses"":[""1DsqYsj51FmPV7dZZkGy3rv7PTm5gSgDiG""],""spent_by_tx_position"":-1,""type"":""P2PKH"",""value"":483558},{""spent_by_tx"":"""",""addresses"":[""bc1qyzxdu4px4jy8gwhcj82zpv7qzhvc0fvumgnh0r""],""spent_by_tx_position"":-1,""type"":""P2WPKH_V0"",""value"":5489548}])"
"BtcTx(block_height=643950, block_hash=0000000000000000000c28443f33a673413943d5ae2c0b1fd873946a833137d4, block_time=1597553558, confirmations=1, fee=30875, hash=83550e8c611fa4b9f7e2557dacbfa82f233d148605112b6d76b489c6c1880b69, inputs_count=1, inputs_value=245861312, is_coinbase=false, is_double_spend=false, is_sw_tx=true, lock_time=0, outputs_count=2, outputs_value=245830437, sigops=1, size=247, version=2, vsize=166, weight=661, witness_hash=e4c89809d1a325d6588b03d0da80d34260e3f71f0cea081f95d4b44c17de1cdf, inputs=[{""sequence"":4294967295,""prev_addresses"":[""3Cr6fyi7og5RifqPHvJisNZR7qaE11mN9H""],""prev_tx_hash"":""8eaaf54d89aa08a588dcb48fe3b56a30f77be409f8abbf545c975d0fd5510c66"",""prev_value"":245861312,""prev_position"":1,""prev_type"":""P2SH""}], outputs=[{""spent_by_tx"":"""",""addresses"":[""3QFtMWJ4TLzqeWGazQRkugxGDMgQ6oCBV9""],""spent_by_tx_position"":-1,""type"":""P2SH"",""value"":14120000},{""spent_by_tx"":"""",""addresses"":[""3DTnMsw6Hr862o4Na6k8znU361ox6j1uoB""],""spent_by_tx_position"":-1,""type"":""P2SH"",""value"":231710437}])"
"BtcTx(block_height=643950, block_hash=0000000000000000000c28443f33a673413943d5ae2c0b1fd873946a833137d4, block_time=1597553558, confirmations=1, fee=96293, hash=5da7a0d1f979030ca9dba16376727c468d9652dae00cc97a53a674adb7965a5d, inputs_count=1, inputs_value=3884054418, is_coinbase=false, is_double_spend=false, is_sw_tx=false, lock_time=0, outputs_count=7, outputs_value=3883958125, sigops=20, size=531, version=2, vsize=531, weight=2124, witness_hash=5da7a0d1f979030ca9dba16376727c468d9652dae00cc97a53a674adb7965a5d, inputs=[{""sequence"":4294967295,""prev_addresses"":[""3JM9mAN3HtHwHxHAUwDr9w9JhgsEur6uR3""],""prev_tx_hash"":""e48602250c7a7c49cafb4996069bc09a56d848396780e14965569910b9fabd6a"",""prev_value"":3884054418,""prev_position"":4,""prev_type"":""P2SH""}], outputs=[{""spent_by_tx"":"""",""addresses"":[""3BMEXKTLWvw65MJ3CNU4sCzodfoHxNGv6r""],""spent_by_tx_position"":-1,""type"":""P2SH"",""value"":10025740},{""spent_by_tx"":"""",""addresses"":[""33BWL6xvewTCnRwU3CGoxF4vH9MZMNTMJD""],""spent_by_tx_position"":-1,""type"":""P2SH"",""value"":22602619},{""spent_by_tx"":"""",""addresses"":[""1JU9bjr1n7ApznRWd3RLi3G2eXU3tV1cSc""],""spent_by_tx_position"":-1,""type"":""P2PKH"",""value"":7490802},{""spent_by_tx"":"""",""addresses"":[""3PNtwVQGj62VpySdPVEVUx3SEBRdzQGWHU""],""spent_by_tx_position"":-1,""type"":""P2SH"",""value"":194930645},{""spent_by_tx"":"""",""addresses"":[""1D9Ck9jwG3L3foSgqguk6WHsBy3z46XLmC""],""spent_by_tx_position"":-1,""type"":""P2PKH"",""value"":769461},{""spent_by_tx"":"""",""addresses"":[""3ANVr3DqFNyrs6j8wuTk5KEnQoR7NNamHu""],""spent_by_tx_position"":-1,""type"":""P2SH"",""value"":3507914},{""spent_by_tx"":"""",""addresses"":[""3JM9mAN3HtHwHxHAUwDr9w9JhgsEur6uR3""],""spent_by_tx_position"":-1,""type"":""P2SH"",""value"":3644630944}])"
"BtcTx(block_height=643950, block_hash=0000000000000000000c28443f33a673413943d5ae2c0b1fd873946a833137d4, block_time=1597553558, confirmations=1, fee=52432, hash=917b8b154ff2b55d98a93bd0dd1edfc1f388bd527880b4632a617ccdee1d1f9b, inputs_count=2, inputs_value=15230421, is_coinbase=false, is_double_spend=false, is_sw_tx=true, lock_time=0, outputs_count=3, outputs_value=15177989, sigops=6, size=452, version=2, vsize=290, weight=1160, witness_hash=3eb753d5d6242af5c0b65d1f7c035bdb507f8fa1726d9a3a23f5bee1474a0111, inputs=[{""sequence"":4294967295,""prev_addresses"":[""35tDs9vrVQtMrLn6Tm4QRaDDvppXfEaytj""],""prev_tx_hash"":""3a31f66499f4c7997f22421bce68711fb654f35a2a84aaaa39fd349b88e2c43a"",""prev_value"":165049,""prev_position"":1,""prev_type"":""P2SH""},{""sequence"":4294967295,""prev_addresses"":[""33vDneuzZYuhNSewwAuoDfscEiU4gr7Xib""],""prev_tx_hash"":""e76453ef2201893d0862e4af4ec630aae66ea140df35078f3b5b16d0497475f9"",""prev_value"":15065372,""prev_position"":1,""prev_type"":""P2SH""}], outputs=[{""spent_by_tx"":"""",""addresses"":[""1JMxHtwqaVXRWUQb1nCqRfiebbGT5KUSBq""],""spent_by_tx_position"":-1,""type"":""P2PKH"",""value"":253476},{""spent_by_tx"":"""",""addresses"":[""3PKqLQ5X1f4qe8REmsg6x2SMir44zkXxtb""],""spent_by_tx_position"":-1,""type"":""P2SH"",""value"":1550608},{""spent_by_tx"":"""",""addresses"":[""32ZSyVBEsrADZUVhtfCmSr11eBTP4avgnX""],""spent_by_tx_position"":-1,""type"":""P2SH"",""value"":13373905}])"
"BtcTx(block_height=643950, block_hash=0000000000000000000c28443f33a673413943d5ae2c0b1fd873946a833137d4, block_time=1597553558, confirmations=1, fee=40000, hash=5996a09ff740ced52f995744660d0de31817e7abc60b08eb6f29b91c7daa7803, inputs_count=1, inputs_value=11283568, is_coinbase=false, is_double_spend=false, is_sw_tx=true, lock_time=0, outputs_count=3, outputs_value=11243568, sigops=3, size=412, version=1, vsize=222, weight=886, witness_hash=f9bcc75dbcf9980d323b4f932fa5fc6b0e077c76edac3344196ca791547aabf4, inputs=[{""sequence"":4294967295,""prev_addresses"":[""bc1qwqdg6squsna38e46795at95yu9atm8azzmyvckulcc7kytlcckxswvvzej""],""prev_tx_hash"":""fae0b0117291c359d94c4dfb8d3eb9336671d0ba551726aa4312fbf87cd45dcb"",""prev_value"":11283568,""prev_position"":2,""prev_type"":""P2WSH_V0""}], outputs=[{""spent_by_tx"":"""",""addresses"":[""3FfrXCaUCJnuWanjFVsYs7TF8QsLEbC2xM""],""spent_by_tx_position"":-1,""type"":""P2SH"",""value"":1400000},{""spent_by_tx"":"""",""addresses"":[""38p6YeTQfmuXHf83Zkwjzn9duMapFhuU1g""],""spent_by_tx_position"":-1,""type"":""P2SH"",""value"":7690000},{""spent_by_tx"":"""",""addresses"":[""bc1qwqdg6squsna38e46795at95yu9atm8azzmyvckulcc7kytlcckxswvvzej""],""spent_by_tx_position"":-1,""type"":""P2WSH_V0"",""value"":2153568}])"
"BtcTx(block_height=643950, block_hash=0000000000000000000c28443f33a673413943d5ae2c0b1fd873946a833137d4, block_time=1597553558, confirmations=1, fee=70000, hash=02a9b690663bfbf4b191c6ff16078d3e51750c79cd665ffa4c35aab1f6b0d58f, inputs_count=2, inputs_value=611566306935, is_coinbase=false, is_double_spend=false, is_sw_tx=false, lock_time=0, outputs_count=1, outputs_value=611566236935, sigops=8, size=399, version=2, vsize=399, weight=1596, witness_hash=02a9b690663bfbf4b191c6ff16078d3e51750c79cd665ffa4c35aab1f6b0d58f, inputs=[{""sequence"":4294967295,""prev_addresses"":[""19iqYbeATe4RxghQZJnYVFU4mjUUu76EA6""],""prev_tx_hash"":""4104e87a9426cd6230affe25bce10634d663431556aa281f26c382eb4cb77c20"",""prev_value"":611416306935,""prev_position"":0,""prev_type"":""P2PKH""},{""sequence"":4294967295,""prev_addresses"":[""3DS76dbxFqu6ooJqThktZoj58vwYCbxg64""],""prev_tx_hash"":""01e62cc1296a1f1802f0dc7d1ddd67be70341adf2f3018ea9afbb38e4e775a87"",""prev_value"":150000000,""prev_position"":1,""prev_type"":""P2SH""}], outputs=[{""spent_by_tx"":""ea22cdf12b7153e0a6ecf17915522e098289e54a548c9bdae5757ea963af914d"",""addresses"":[""19iqYbeATe4RxghQZJnYVFU4mjUUu76EA6""],""spent_by_tx_position"":0,""type"":""P2PKH"",""value"":611566236935}])"
"BtcTx(block_height=643950, block_hash=0000000000000000000c28443f33a673413943d5ae2c0b1fd873946a833137d4, block_time=1597553558, confirmations=1, fee=70000, hash=ea22cdf12b7153e0a6ecf17915522e098289e54a548c9bdae5757ea963af914d, inputs_count=2, inputs_value=611576236935, is_coinbase=false, is_double_spend=false, is_sw_tx=false, lock_time=0, outputs_count=1, outputs_value=611576166935, sigops=8, size=399, version=2, vsize=399, weight=1596, witness_hash=ea22cdf12b7153e0a6ecf17915522e098289e54a548c9bdae5757ea963af914d, inputs=[{""sequence"":4294967295,""prev_addresses"":[""19iqYbeATe4RxghQZJnYVFU4mjUUu76EA6""],""prev_tx_hash"":""02a9b690663bfbf4b191c6ff16078d3e51750c79cd665ffa4c35aab1f6b0d58f"",""prev_value"":611566236935,""prev_position"":0,""prev_type"":""P2PKH""},{""sequence"":4294967295,""prev_addresses"":[""33Af9rAnPQ1zmn2BRmEgbhMqwyBGANwapu""],""prev_tx_hash"":""78bac6c7d12a97198d4a66171eeebdf69acf1f4b8362e1d073f9d7a8fbfb15fe"",""prev_value"":10000000,""prev_position"":0,""prev_type"":""P2SH""}], outputs=[{""spent_by_tx"":"""",""addresses"":[""19iqYbeATe4RxghQZJnYVFU4mjUUu76EA6""],""spent_by_tx_position"":-1,""type"":""P2PKH"",""value"":611576166935}])"
"BtcTx(block_height=643950, block_hash=0000000000000000000c28443f33a673413943d5ae2c0b1fd873946a833137d4, block_time=1597553558, confirmations=1, fee=80000, hash=b8a8503f5453b438d6e4fe79cca46b67aebaa36422f85c0f32b601a0c8bdefc4, inputs_count=2, inputs_value=43736728, is_coinbase=false, is_double_spend=false, is_sw_tx=false, lock_time=0, outputs_count=5, outputs_value=43656728, sigops=16, size=473, version=1, vsize=473, weight=1892, witness_hash=b8a8503f5453b438d6e4fe79cca46b67aebaa36422f85c0f32b601a0c8bdefc4, inputs=[{""sequence"":4294967295,""prev_addresses"":[""1KkExYiXvLqMqXuyZVEd8kK7VVc1o6TfYE""],""prev_tx_hash"":""0bdefc8b94f61950d6eb525763766fdb43fc27903ab9a7704fc299930108c4b5"",""prev_value"":42846544,""prev_position"":6,""prev_type"":""P2PKH""},{""sequence"":4294967295,""prev_addresses"":[""1PuN1rTCrt56sQzkJqcCJpXscMyxGWRozS""],""prev_tx_hash"":""fe43f04f09dda6e58ac4475272544916589f3ceddcb51594cba40a9c769dd716"",""prev_value"":890184,""prev_position"":2,""prev_type"":""P2PKH""}], outputs=[{""spent_by_tx"":"""",""addresses"":[""1EyDLo8PR5WkBLXutbPRx4H9ViAferYqp5""],""spent_by_tx_position"":-1,""type"":""P2PKH"",""value"":21505339},{""spent_by_tx"":"""",""addresses"":[""1Ej3g1AY2pkS1fZbfKqGMcmP1Vzw2o78m7""],""spent_by_tx_position"":-1,""type"":""P2PKH"",""value"":802608},{""spent_by_tx"":"""",""addresses"":[""38xgAN18ydQ5zk57WVd575ztpkeSPGeVi4""],""spent_by_tx_position"":-1,""type"":""P2SH"",""value"":4093241},{""spent_by_tx"":"""",""addresses"":[""1JK2W4R8GtX37bHgKMeTkGucgDNpd7NosM""],""spent_by_tx_position"":-1,""type"":""P2PKH"",""value"":719477},{""spent_by_tx"":"""",""addresses"":[""199SYvMDQFjtMCdgLgCUzNFNAdjGXoFRso""],""spent_by_tx_position"":-1,""type"":""P2PKH"",""value"":16536063}])"
"BtcTx(block_height=643950, block_hash=0000000000000000000c28443f33a673413943d5ae2c0b1fd873946a833137d4, block_time=1597553558, confirmations=1, fee=38095, hash=406d62f3844340d783ef8ecba1443a02c0ad375402bf23b87ae4140244e7dab0, inputs_count=2, inputs_value=1726912, is_coinbase=false, is_double_spend=false, is_sw_tx=true, lock_time=643949, outputs_count=1, outputs_value=1688817, sigops=6, size=388, version=2, vsize=226, weight=904, witness_hash=7c147d7b1120baca31cbf32f9cc560b64d7907538949c10c79426d7375a7ddef, inputs=[{""sequence"":4294967293,""prev_addresses"":[""37WfSTosztFArE87HnJvFhm7VptgnoKqbQ""],""prev_tx_hash"":""09d614615e6291d931b6e89548104a6206d7a1db7c41be51e6a958db6fdbf858"",""prev_value"":1679755,""prev_position"":0,""prev_type"":""P2SH""},{""sequence"":4294967293,""prev_addresses"":[""3DXGEEyVvCA52tLVSso35o883Euw6vr93M""],""prev_tx_hash"":""9e272892e9d6288539e2c722f649e05861ccf10bb4506a644e366ad861fab121"",""prev_value"":47157,""prev_position"":0,""prev_type"":""P2SH""}], outputs=[{""spent_by_tx"":"""",""addresses"":[""1E1Xr8MJ5NuNi1NDLBYrsFtW8z3vMdqcNA""],""spent_by_tx_position"":-1,""type"":""P2PKH"",""value"":1688817}])"
"BtcTx(block_height=643950, block_hash=0000000000000000000c28443f33a673413943d5ae2c0b1fd873946a833137d4, block_time=1597553558, confirmations=1, fee=28026, hash=96a5b70ab68d7ff684fe6d1ea6749be8d7fa4591ea333d3ffeb75d17998a7e7b, inputs_count=1, inputs_value=19882821, is_coinbase=false, is_double_spend=false, is_sw_tx=true, lock_time=0, outputs_count=2, outputs_value=19854795, sigops=5, size=249, version=1, vsize=168, weight=669, witness_hash=e3410b193ea943b2848d31670fd3d7589f1e9e5708154d36037a4c20399e1e61, inputs=[{""sequence"":4294967293,""prev_addresses"":[""3L1p2tUHPwrRN3qgf4Hm1R73e29hFshbnp""],""prev_tx_hash"":""4bf5605cb8a027f3b204e475bccc044aa373f96004002ee88d15a69d4503bc03"",""prev_value"":19882821,""prev_position"":1,""prev_type"":""P2SH""}], outputs=[{""spent_by_tx"":"""",""addresses"":[""1KHEgcNwighbhVa8XBE1cTF78dVfnx1bnt""],""spent_by_tx_position"":-1,""type"":""P2PKH"",""value"":2237414},{""spent_by_tx"":"""",""addresses"":[""3L1p2tUHPwrRN3qgf4Hm1R73e29hFshbnp""],""spent_by_tx_position"":-1,""type"":""P2SH"",""value"":17617381}])"
"BtcTx(block_height=643950, block_hash=0000000000000000000c28443f33a673413943d5ae2c0b1fd873946a833137d4, block_time=1597553558, confirmations=1, fee=27888, hash=cf0f56c3c22c4415df6eba1c3c028359af8ea90da8e9d8b63b0f29321e993d05, inputs_count=1, inputs_value=79518488, is_coinbase=false, is_double_spend=false, is_sw_tx=true, lock_time=643949, outputs_count=2, outputs_value=79490600, sigops=5, size=250, version=2, vsize=168, weight=670, witness_hash=d6d47c4f086505f50b6d50af9e912be3cc60edf32bd15d174504de6ebb9a3458, inputs=[{""sequence"":4294967294,""prev_addresses"":[""3MqayB63Xdz9g7py4zo3AN6ognF1JHjsWz""],""prev_tx_hash"":""e7648e981161ee1b3e873c6f301c331af00bf6c22db9e7017b562e2b18231e87"",""prev_value"":79518488,""prev_position"":1,""prev_type"":""P2SH""}], outputs=[{""spent_by_tx"":"""",""addresses"":[""3CWYPn3jKbkcSrHuuSKiUYEAS8YJnbcCnN""],""spent_by_tx_position"":-1,""type"":""P2SH"",""value"":79082280},{""spent_by_tx"":"""",""addresses"":[""1Tb3N1xV77kG2NFWgBPdDVaGjbT6WVbkB""],""spent_by_tx_position"":-1,""type"":""P2PKH"",""value"":408320}])"
"BtcTx(block_height=643950, block_hash=0000000000000000000c28443f33a673413943d5ae2c0b1fd873946a833137d4, block_time=1597553558, confirmations=1, fee=39010, hash=819e85a107c715581d22b6cf3ea3263cc9e436c6d49bc6d10dc800d9a9588a98, inputs_count=2, inputs_value=1077144, is_coinbase=false, is_double_spend=false, is_sw_tx=true, lock_time=643949, outputs_count=2, outputs_value=1038134, sigops=6, size=397, version=2, vsize=235, weight=940, witness_hash=51f51878a176e6c76eec885a4003620b3ceaba56545681f19473ca17377f2dd6, inputs=[{""sequence"":4294967294,""prev_addresses"":[""bc1qeasyx3nr94zwkk2m3x0jls7vquq07hh90npla8""],""prev_tx_hash"":""c88971b8e570f5adae5bb65e223f34557cae7268e730296afe248b6a189eeea6"",""prev_value"":47942,""prev_position"":1,""prev_type"":""P2WPKH_V0""},{""sequence"":4294967294,""prev_addresses"":[""3AWmKv3ec1tLgxXqVMrUDFaZCYMZDNvAHp""],""prev_tx_hash"":""bb6cef6551f5937da20afb2495e372d198322a85cfb3fa7e6a3dfc34c4efdbd5"",""prev_value"":1029202,""prev_position"":0,""prev_type"":""P2SH""}], outputs=[{""spent_by_tx"":"""",""addresses"":[""3Mpceni4bfiDHFXewN2CR1yYAtdG1UAfDe""],""spent_by_tx_position"":-1,""type"":""P2SH"",""value"":970947},{""spent_by_tx"":"""",""addresses"":[""1Puc31T65eyD4KagoZkLkXqvbemzUuMJh3""],""spent_by_tx_position"":-1,""type"":""P2PKH"",""value"":67187}])"
"BtcTx(block_height=643950, block_hash=0000000000000000000c28443f33a673413943d5ae2c0b1fd873946a833137d4, block_time=1597553558, confirmations=1, fee=31089, hash=9cfea12f7ebea37a7475c147e72674f7e9d5166d77a2cbcf465096baf615ba7e, inputs_count=1, inputs_value=511497, is_coinbase=false, is_double_spend=false, is_sw_tx=false, lock_time=0, outputs_count=1, outputs_value=480408, sigops=0, size=190, version=1, vsize=190, weight=760, witness_hash=9cfea12f7ebea37a7475c147e72674f7e9d5166d77a2cbcf465096baf615ba7e, inputs=[{""sequence"":4294967295,""prev_addresses"":[""1DGbytYQkgQYS2Hi7QWD89k3YbJHYmPRek""],""prev_tx_hash"":""475631ca6f8bfe7be1fe15b1e2bcc468707248181724b022deb187a7d53a3d8d"",""prev_value"":511497,""prev_position"":38,""prev_type"":""P2PKH""}], outputs=[{""spent_by_tx"":"""",""addresses"":[""32S8oCsVPkUsWV154sjYQS5gGXzGZNKE3P""],""spent_by_tx_position"":-1,""type"":""P2SH"",""value"":480408}])"
"BtcTx(block_height=643950, block_hash=0000000000000000000c28443f33a673413943d5ae2c0b1fd873946a833137d4, block_time=1597553558, confirmations=1, fee=41229, hash=5f26e646bf022f7bd7876cb5c1cbebce661ff496d34ac601ac895a78f8afcb07, inputs_count=1, inputs_value=20000000, is_coinbase=false, is_double_spend=false, is_sw_tx=false, lock_time=0, outputs_count=3, outputs_value=19958771, sigops=4, size=255, version=1, vsize=255, weight=1020, witness_hash=5f26e646bf022f7bd7876cb5c1cbebce661ff496d34ac601ac895a78f8afcb07, inputs=[{""sequence"":4294967295,""prev_addresses"":[""1KK1xfZBohtz89kWcXn4zHAPVbZzoL3WKp""],""prev_tx_hash"":""bc394d7acb5b217d0aab86b10b62228ac67645ca7b4312a9f9f790ebbaaefd33"",""prev_value"":20000000,""prev_position"":5,""prev_type"":""P2PKH""}], outputs=[{""spent_by_tx"":"""",""addresses"":[""39q76wH2JocMp99NJGXpu11z9jA8rdRYih""],""spent_by_tx_position"":-1,""type"":""P2SH"",""value"":4033000},{""spent_by_tx"":"""",""addresses"":[""3GKyEkvdrueuzS2vtf6FgXMJdNVFRYcvxL""],""spent_by_tx_position"":-1,""type"":""P2SH"",""value"":9950000},{""spent_by_tx"":"""",""addresses"":[""1N52wHoVR79PMDishab2XmRHsbekCdGquK""],""spent_by_tx_position"":-1,""type"":""P2PKH"",""value"":5975771}])"
"BtcTx(block_height=643950, block_hash=0000000000000000000c28443f33a673413943d5ae2c0b1fd873946a833137d4, block_time=1597553558, confirmations=1, fee=30240, hash=fcfa2059a80ddb57aa95cc8d3663cbdfd1400f5858399d4d901b91fe01863048, inputs_count=1, inputs_value=3000000, is_coinbase=false, is_double_spend=false, is_sw_tx=false, lock_time=643949, outputs_count=1, outputs_value=2969760, sigops=0, size=189, version=2, vsize=189, weight=756, witness_hash=fcfa2059a80ddb57aa95cc8d3663cbdfd1400f5858399d4d901b91fe01863048, inputs=[{""sequence"":4294967294,""prev_addresses"":[""1NVE4gDzMmBZweU7scnqWqH4KgVLL4byU2""],""prev_tx_hash"":""e3dbbf6ebd76db69786059a8be004cebae5c2ad587023426ef0a9a67de974ff8"",""prev_value"":3000000,""prev_position"":0,""prev_type"":""P2PKH""}], outputs=[{""spent_by_tx"":"""",""addresses"":[""39prC4n61YGMkqTa5Nfx7YRUupm4MZxH2z""],""spent_by_tx_position"":-1,""type"":""P2SH"",""value"":2969760}])"
"BtcTx(block_height=643950, block_hash=0000000000000000000c28443f33a673413943d5ae2c0b1fd873946a833137d4, block_time=1597553558, confirmations=1, fee=26880, hash=6ec9fd668706554772dc303039a7b862f5e675eca4240088839fd4356c04575c, inputs_count=1, inputs_value=1298070079, is_coinbase=false, is_double_spend=false, is_sw_tx=true, lock_time=643949, outputs_count=2, outputs_value=1298043199, sigops=5, size=249, version=2, vsize=168, weight=669, witness_hash=ec4d4df5ddd8f6ccd91e1dd009364942afd5debfb6d41df058dcfa0a89bb2a09, inputs=[{""sequence"":4294967294,""prev_addresses"":[""36TA4WJapzE56a6EQPy7S1s7Dsu2BV1BcB""],""prev_tx_hash"":""a2303e5f914a268b59445aa4fdf0ae9835480ded2358ec92818360465cbfd9c0"",""prev_value"":1298070079,""prev_position"":0,""prev_type"":""P2SH""}], outputs=[{""spent_by_tx"":"""",""addresses"":[""1MHTKsmfubaHyRaKFQpt5H1US38GTFL3G1""],""spent_by_tx_position"":-1,""type"":""P2PKH"",""value"":1900000},{""spent_by_tx"":"""",""addresses"":[""39rfT62Kzo2TG56LUcwrTXpjSbFERo2Utd""],""spent_by_tx_position"":-1,""type"":""P2SH"",""value"":1296143199}])"
"BtcTx(block_height=643950, block_hash=0000000000000000000c28443f33a673413943d5ae2c0b1fd873946a833137d4, block_time=1597553558, confirmations=1, fee=26880, hash=5b66536bb7774a08a484fc966c11017856275f7b39c745c8ca1b4569df73d25c, inputs_count=1, inputs_value=187172722, is_coinbase=false, is_double_spend=false, is_sw_tx=true, lock_time=643949, outputs_count=2, outputs_value=187145842, sigops=5, size=249, version=2, vsize=168, weight=669, witness_hash=467377a387cba3cded84ac0a2641b463172398b57038ea37c3aee5401276db20, inputs=[{""sequence"":4294967294,""prev_addresses"":[""3HhfcBcwWc73SzE8MDrgK7FQkuEUAZUEiJ""],""prev_tx_hash"":""b3bfb066fe3a61e43b0f0e653fbff1504770b24d64d357b58b1941d21fba7ba8"",""prev_value"":187172722,""prev_position"":1,""prev_type"":""P2SH""}], outputs=[{""spent_by_tx"":"""",""addresses"":[""173tVjWBMk72GsCHUbZdkbLN8hv2qMiNpR""],""spent_by_tx_position"":-1,""type"":""P2PKH"",""value"":499997},{""spent_by_tx"":"""",""addresses"":[""3AtcKGpMJDugSt8fmYpHuazUTPGAmPE3A1""],""spent_by_tx_position"":-1,""type"":""P2SH"",""value"":186645845}])"
"BtcTx(block_height=643950, block_hash=0000000000000000000c28443f33a673413943d5ae2c0b1fd873946a833137d4, block_time=1597553558, confirmations=1, fee=30240, hash=a4f5db1918f55f1f4a23743e5e338fd149839aebdb8ed18e8a623299aad20fa7, inputs_count=1, inputs_value=125084, is_coinbase=false, is_double_spend=false, is_sw_tx=false, lock_time=643949, outputs_count=1, outputs_value=94844, sigops=0, size=189, version=2, vsize=189, weight=756, witness_hash=a4f5db1918f55f1f4a23743e5e338fd149839aebdb8ed18e8a623299aad20fa7, inputs=[{""sequence"":4294967294,""prev_addresses"":[""13B99XYSzHpmSVgGcpq8s7f9dskavLCkZ1""],""prev_tx_hash"":""da10c5f518b2185de22019ee9cf6401709fd5bc7c55fec71757a8a41343a4544"",""prev_value"":125084,""prev_position"":3,""prev_type"":""P2PKH""}], outputs=[{""spent_by_tx"":"""",""addresses"":[""3K7BSHFn9Cy854d7U5ieKEMLPbHvrfJDNH""],""spent_by_tx_position"":-1,""type"":""P2SH"",""value"":94844}])"
"BtcTx(block_height=643950, block_hash=0000000000000000000c28443f33a673413943d5ae2c0b1fd873946a833137d4, block_time=1597553558, confirmations=1, fee=40000, hash=82954746801e7fb3032b4250a1a1cfe276e739f56a14b305d22616c870daf282, inputs_count=1, inputs_value=216430435, is_coinbase=false, is_double_spend=false, is_sw_tx=true, lock_time=0, outputs_count=4, outputs_value=216390435, sigops=3, size=444, version=1, vsize=254, weight=1014, witness_hash=1b9f30647f25c20b537b6ce27710fcbcd090f15bdcfc073e259d2ec43d6daf90, inputs=[{""sequence"":4294967295,""prev_addresses"":[""bc1qwqdg6squsna38e46795at95yu9atm8azzmyvckulcc7kytlcckxswvvzej""],""prev_tx_hash"":""ae079d5f70242823b1f2722c8add8d4c79c1628059dfe4814e758e5c235b47ba"",""prev_value"":216430435,""prev_position"":4,""prev_type"":""P2WSH_V0""}], outputs=[{""spent_by_tx"":"""",""addresses"":[""3EATuKMH3A7t6xdGp2qpibF3AiFJRG3WLP""],""spent_by_tx_position"":-1,""type"":""P2SH"",""value"":2521229},{""spent_by_tx"":"""",""addresses"":[""3DGbvRHYCBqQr4FsJLDogZbm5aq1eXjN7E""],""spent_by_tx_position"":-1,""type"":""P2SH"",""value"":68000000},{""spent_by_tx"":"""",""addresses"":[""33c7RjgRJACtQse4vH9CVV4ogjDQLTqPEp""],""spent_by_tx_position"":-1,""type"":""P2SH"",""value"":2000000},{""spent_by_tx"":"""",""addresses"":[""bc1qwqdg6squsna38e46795at95yu9atm8azzmyvckulcc7kytlcckxswvvzej""],""spent_by_tx_position"":-1,""type"":""P2WSH_V0"",""value"":143869206}])"
"BtcTx(block_height=643950, block_hash=0000000000000000000c28443f33a673413943d5ae2c0b1fd873946a833137d4, block_time=1597553558, confirmations=1, fee=31104, hash=6bd21d299dbc643c35a02379c18805ceaecb5ee18eee898a15a373dd0f864eef, inputs_count=1, inputs_value=19875582, is_coinbase=false, is_double_spend=false, is_sw_tx=true, lock_time=0, outputs_count=3, outputs_value=19844478, sigops=9, size=283, version=1, vsize=202, weight=805, witness_hash=4987d63b5a6067783100ae548da0f04ccd0b2c61c602ea2e9b15dd0fa3e4f3d1, inputs=[{""sequence"":4294967293,""prev_addresses"":[""3L1p2tUHPwrRN3qgf4Hm1R73e29hFshbnp""],""prev_tx_hash"":""5bb318a4d58c467e9a233f513e5c42b3e763cae3f111b5fce284bab3ffa6873e"",""prev_value"":19875582,""prev_position"":1,""prev_type"":""P2SH""}], outputs=[{""spent_by_tx"":"""",""addresses"":[""1B8M471wXYsFnBLZm4z3CdVCy7NXZef5Lt""],""spent_by_tx_position"":-1,""type"":""P2PKH"",""value"":446974},{""spent_by_tx"":"""",""addresses"":[""1WMUCr6mCNfQFsYpcNpKWg9GYfBEY458P""],""spent_by_tx_position"":-1,""type"":""P2PKH"",""value"":991952},{""spent_by_tx"":"""",""addresses"":[""3L1p2tUHPwrRN3qgf4Hm1R73e29hFshbnp""],""spent_by_tx_position"":-1,""type"":""P2SH"",""value"":18405552}])"
"BtcTx(block_height=643950, block_hash=0000000000000000000c28443f33a673413943d5ae2c0b1fd873946a833137d4, block_time=1597553558, confirmations=1, fee=41760, hash=0008260f4b76b36d8f36194abfab7721ddb0aec8057f92bcaec98395a89ef74f, inputs_count=3, inputs_value=14751976, is_coinbase=false, is_double_spend=false, is_sw_tx=true, lock_time=0, outputs_count=2, outputs_value=14710216, sigops=3, size=519, version=1, vsize=276, weight=1104, witness_hash=df6244d03f73ff433b39cde191081823010d7554b1581d50080ee39284e9821b, inputs=[{""sequence"":4294967295,""prev_addresses"":[""bc1qakk9schj5tw5c2af2nm7t682lgt2huffllj986""],""prev_tx_hash"":""ca2d59ca73b5f3bfcc0eead8f171b97fa9b3c35556644b3c11ad8e848cafbb39"",""prev_value"":4831976,""prev_position"":1,""prev_type"":""P2WPKH_V0""},{""sequence"":4294967295,""prev_addresses"":[""bc1qakk9schj5tw5c2af2nm7t682lgt2huffllj986""],""prev_tx_hash"":""3da31fbd7e3bf9bdd860791f51619ae66e0443fac4afff4c74a2aad70e87b61e"",""prev_value"":4960000,""prev_position"":4,""prev_type"":""P2WPKH_V0""},{""sequence"":4294967295,""prev_addresses"":[""bc1qakk9schj5tw5c2af2nm7t682lgt2huffllj986""],""prev_tx_hash"":""5f8f84c2286a42af3f71924d0ecb2c99506c364092ff28a1fc4c5baf13b21363"",""prev_value"":4960000,""prev_position"":4,""prev_type"":""P2WPKH_V0""}], outputs=[{""spent_by_tx"":"""",""addresses"":[""bc1q89q9s20tazx9g9vekhrvm5csqewsqqu7wc6efc""],""spent_by_tx_position"":-1,""type"":""P2WPKH_V0"",""value"":14700000},{""spent_by_tx"":"""",""addresses"":[""bc1qakk9schj5tw5c2af2nm7t682lgt2huffllj986""],""spent_by_tx_position"":-1,""type"":""P2WPKH_V0"",""value"":10216}])"
"BtcTx(block_height=643950, block_hash=0000000000000000000c28443f33a673413943d5ae2c0b1fd873946a833137d4, block_time=1597553558, confirmations=1, fee=32616, hash=a6fbf11496de2290af9f575d7cf350d66e3b6c3a55f0dc2c415a0cb97de7e0eb, inputs_count=1, inputs_value=421973924, is_coinbase=false, is_double_spend=false, is_sw_tx=true, lock_time=0, outputs_count=2, outputs_value=421941308, sigops=7, size=406, version=2, vsize=216, weight=862, witness_hash=4f3501440526f525c4aa211688bf75c93f31d1d9cdcc80681348abd8426f9edf, inputs=[{""sequence"":4294967294,""prev_addresses"":[""3DGxAYYUA61WrrdbBac8Ra9eA9peAQwTJF""],""prev_tx_hash"":""6d8ca54b5d1fb5079f8445648df3018c1b0a753108220bd8b2dec385e0abcfbb"",""prev_value"":421973924,""prev_position"":1,""prev_type"":""P2SH""}], outputs=[{""spent_by_tx"":"""",""addresses"":[""3DGxAYYUA61WrrdbBac8Ra9eA9peAQwTJF""],""spent_by_tx_position"":-1,""type"":""P2SH"",""value"":417608228},{""spent_by_tx"":"""",""addresses"":[""15AgxgRxBfxZCBTTBqjtwMMpPh5ZrMVaCb""],""spent_by_tx_position"":-1,""type"":""P2PKH"",""value"":4333080}])"
"BtcTx(block_height=643950, block_hash=0000000000000000000c28443f33a673413943d5ae2c0b1fd873946a833137d4, block_time=1597553558, confirmations=1, fee=25200, hash=cde9a4f2b8148e7fbd7786f55c369636aa9426a55b04172299a371c47eaf0a14, inputs_count=1, inputs_value=13316955, is_coinbase=false, is_double_spend=false, is_sw_tx=true, lock_time=643949, outputs_count=2, outputs_value=13291755, sigops=5, size=250, version=2, vsize=168, weight=670, witness_hash=4999c60e947044267798fe40a4262a2c5c304671c475c138257b0126b5e84aaf, inputs=[{""sequence"":4294967293,""prev_addresses"":[""3NoYD4r8EVxemWNDydTZFfdx1jVVGa6jTT""],""prev_tx_hash"":""d504d886e4f1393191719d359ab69287d29580c1ffaa5ec2df4e5157ec093da5"",""prev_value"":13316955,""prev_position"":0,""prev_type"":""P2SH""}], outputs=[{""spent_by_tx"":"""",""addresses"":[""1JF1NQuZBrRm6cEAZ5HoBexeiALJ6TKkFa""],""spent_by_tx_position"":-1,""type"":""P2PKH"",""value"":10000000},{""spent_by_tx"":"""",""addresses"":[""33QrsjYvcASHA7UchMh3qYnERL1a3vCYBR""],""spent_by_tx_position"":-1,""type"":""P2SH"",""value"":3291755}])"
"BtcTx(block_height=643950, block_hash=0000000000000000000c28443f33a673413943d5ae2c0b1fd873946a833137d4, block_time=1597553558, confirmations=1, fee=25200, hash=2aa26539d4b0785e3ae297bf743e819cdbc8cb741d454e18b8ba850f713d353f, inputs_count=1, inputs_value=50000000, is_coinbase=false, is_double_spend=false, is_sw_tx=true, lock_time=643949, outputs_count=2, outputs_value=49974800, sigops=5, size=249, version=2, vsize=168, weight=669, witness_hash=65e0514c867806edf4ee0734775bb5451c2163887be667811a456f9efa1a5a75, inputs=[{""sequence"":4294967293,""prev_addresses"":[""3LmphaAuY6p2eSExAtqoZSSok1rmoXpj9H""],""prev_tx_hash"":""b562be994ca602f5240e6af4721253951c2ea979baf0ab83e53b0e2a4f3ae083"",""prev_value"":50000000,""prev_position"":94,""prev_type"":""P2SH""}], outputs=[{""spent_by_tx"":"""",""addresses"":[""185jcTPA9CMZeM1ZK2n96jzjWyqeEbhHWp""],""spent_by_tx_position"":-1,""type"":""P2PKH"",""value"":29004517},{""spent_by_tx"":"""",""addresses"":[""3BLMPykRF29nxTySSBkJYpz3h4uDtGDDB9""],""spent_by_tx_position"":-1,""type"":""P2SH"",""value"":20970283}])"
"BtcTx(block_height=643950, block_hash=0000000000000000000c28443f33a673413943d5ae2c0b1fd873946a833137d4, block_time=1597553558, confirmations=1, fee=25200, hash=a8bbae1609ce43c6a47d64a4be1bc7c6294af8e36a285f5646b2f2f0e389719e, inputs_count=1, inputs_value=69960000, is_coinbase=false, is_double_spend=false, is_sw_tx=true, lock_time=643949, outputs_count=2, outputs_value=69934800, sigops=5, size=250, version=2, vsize=168, weight=670, witness_hash=0fdf7b507e7715ba74af5bfaa2f84afa35ceb06edfbf0ae5d9d8c6d7c45698ea, inputs=[{""sequence"":4294967293,""prev_addresses"":[""389UxwTA2XRPk85xiv7ebmaJ2E2zUry6un""],""prev_tx_hash"":""e3652fad12639b107655e266ff7fdc365fb628ad0443b18656983203d610dc9a"",""prev_value"":69960000,""prev_position"":16,""prev_type"":""P2SH""}], outputs=[{""spent_by_tx"":"""",""addresses"":[""38uDHgHSgLYEjCBv2DQhRBMTr2xP6NDLVh""],""spent_by_tx_position"":-1,""type"":""P2SH"",""value"":39700967},{""spent_by_tx"":"""",""addresses"":[""185jcTPA9CMZeM1ZK2n96jzjWyqeEbhHWp""],""spent_by_tx_position"":-1,""type"":""P2PKH"",""value"":30233833}])"
"BtcTx(block_height=643950, block_hash=0000000000000000000c28443f33a673413943d5ae2c0b1fd873946a833137d4, block_time=1597553558, confirmations=1, fee=27894, hash=e581694716a6aaea3adf98f81f50268dd5c699b91c3843a10f7eff5bf1df0e3f, inputs_count=1, inputs_value=776267447, is_coinbase=false, is_double_spend=false, is_sw_tx=true, lock_time=0, outputs_count=3, outputs_value=776239553, sigops=5, size=275, version=1, vsize=189, weight=755, witness_hash=2d35591344480f0334bc15761a7ceb4e2f7d9e2408d0366e1553163ee3b5a367, inputs=[{""sequence"":4294967295,""prev_addresses"":[""bc1q8tk5ra9zl9qy6wpr2mv2rpsyfcrefxgl3zupwcxzgy92jyhgqwusjhs6v6""],""prev_tx_hash"":""dca913af54cc38bede3e3cb92a4f8d20f447f86fd8b00652d03e9c8268996982"",""prev_value"":776267447,""prev_position"":1,""prev_type"":""P2WSH_V0""}], outputs=[{""spent_by_tx"":"""",""addresses"":[""1AdKqBdAkDKvz3HMi9WkVhFFoyeZsGbpm""],""spent_by_tx_position"":-1,""type"":""P2PKH"",""value"":4282934},{""spent_by_tx"":"""",""addresses"":[""3GNs22W1zRMCC8zHGFeACedTwT67CKzcTz""],""spent_by_tx_position"":-1,""type"":""P2SH"",""value"":18080000},{""spent_by_tx"":"""",""addresses"":[""bc1q6arqg2magexq03svkemsxp8y3jt884cwk5tv8ewjwalu5wju35fqgutax2""],""spent_by_tx_position"":-1,""type"":""P2WSH_V0"",""value"":753876619}])"
"BtcTx(block_height=643950, block_hash=0000000000000000000c28443f33a673413943d5ae2c0b1fd873946a833137d4, block_time=1597553558, confirmations=1, fee=27597, hash=5386ff544f9ac52c3e8bf83a0ddcdd24fa5720013299ad3540fdc69ad438bf89, inputs_count=1, inputs_value=8880842334, is_coinbase=false, is_double_spend=false, is_sw_tx=true, lock_time=0, outputs_count=3, outputs_value=8880814737, sigops=1, size=272, version=1, vsize=187, weight=746, witness_hash=41c45faaa4f9d945ee5edfae3898331b0b19f8536048bf810e467e28ace40a4a, inputs=[{""sequence"":4294967295,""prev_addresses"":[""bc1q8tk5ra9zl9qy6wpr2mv2rpsyfcrefxgl3zupwcxzgy92jyhgqwusjhs6v6""],""prev_tx_hash"":""2a1328ba8d01c54f5b2248fc11dfc1d4a7867b20df31555fa327e0c444cae5da"",""prev_value"":8880842334,""prev_position"":2,""prev_type"":""P2WSH_V0""}], outputs=[{""spent_by_tx"":"""",""addresses"":[""3E6eS3mi4uRP5GcfJrpLjiYTKEjLuQYyUR""],""spent_by_tx_position"":-1,""type"":""P2SH"",""value"":17220000},{""spent_by_tx"":"""",""addresses"":[""3E8cyeELLQ4nucz1yhQz8X61LfkBzz2oSn""],""spent_by_tx_position"":-1,""type"":""P2SH"",""value"":21149716},{""spent_by_tx"":"""",""addresses"":[""bc1q6arqg2magexq03svkemsxp8y3jt884cwk5tv8ewjwalu5wju35fqgutax2""],""spent_by_tx_position"":-1,""type"":""P2WSH_V0"",""value"":8842445021}])"
"BtcTx(block_height=643950, block_hash=0000000000000000000c28443f33a673413943d5ae2c0b1fd873946a833137d4, block_time=1597553558, confirmations=1, fee=22849, hash=303326b4f390e34dce2884a98cca372f95b3d48efd1d7c7ec0efe7410d5948b8, inputs_count=1, inputs_value=1521787397, is_coinbase=false, is_double_spend=false, is_sw_tx=true, lock_time=0, outputs_count=2, outputs_value=1521764548, sigops=1, size=240, version=1, vsize=155, weight=618, witness_hash=da77e1eeea4f7527f0fb8c059b9637680739ea2620f356de45521b50b005e010, inputs=[{""sequence"":4294967295,""prev_addresses"":[""bc1q8tk5ra9zl9qy6wpr2mv2rpsyfcrefxgl3zupwcxzgy92jyhgqwusjhs6v6""],""prev_tx_hash"":""6b144304ab45e99b00dbceb61c73042d67e73c205e517af6a3552432aa38eb93"",""prev_value"":1521787397,""prev_position"":2,""prev_type"":""P2WSH_V0""}], outputs=[{""spent_by_tx"":"""",""addresses"":[""38qTUceoLUCjTYam6ko7DFkPQBAAmdQH4T""],""spent_by_tx_position"":-1,""type"":""P2SH"",""value"":839791},{""spent_by_tx"":"""",""addresses"":[""bc1q6arqg2magexq03svkemsxp8y3jt884cwk5tv8ewjwalu5wju35fqgutax2""],""spent_by_tx_position"":-1,""type"":""P2WSH_V0"",""value"":1520924757}])"
"BtcTx(block_height=643950, block_hash=0000000000000000000c28443f33a673413943d5ae2c0b1fd873946a833137d4, block_time=1597553558, confirmations=1, fee=37380, hash=7f1103a012fa0e04a79472b35c84eb6dd504dbe5dd4cabb829e1b2220677715a, inputs_count=1, inputs_value=18939517, is_coinbase=false, is_double_spend=false, is_sw_tx=true, lock_time=0, outputs_count=4, outputs_value=18902137, sigops=3, size=444, version=2, vsize=254, weight=1014, witness_hash=c73711d237e82f76fe457a623ac963f398bf9ea52ac9ca757e1c50b656e8a61a, inputs=[{""sequence"":0,""prev_addresses"":[""bc1qz9pr03xy5kk3tep4rh35sk7npdnsd8vendmapzjy5elzz5fsalrqqcxcnp""],""prev_tx_hash"":""790a6f4a6c0fbee26f487444ba9ea586f7197142a383595df78706b5f24e30e7"",""prev_value"":18939517,""prev_position"":1,""prev_type"":""P2WSH_V0""}], outputs=[{""spent_by_tx"":"""",""addresses"":[""396auwcPSq2bpq6BJwCoE7WjqFTCJD9mak""],""spent_by_tx_position"":-1,""type"":""P2SH"",""value"":4290000},{""spent_by_tx"":"""",""addresses"":[""bc1qz9pr03xy5kk3tep4rh35sk7npdnsd8vendmapzjy5elzz5fsalrqqcxcnp""],""spent_by_tx_position"":-1,""type"":""P2WSH_V0"",""value"":7353957},{""spent_by_tx"":"""",""addresses"":[""35o8cFZhYMtoA1PecBeqhUDTswPHwgnUb9""],""spent_by_tx_position"":-1,""type"":""P2SH"",""value"":2400000},{""spent_by_tx"":"""",""addresses"":[""3CVXRF6jWAzA2iozjRZjwfewTyHmanjGhC""],""spent_by_tx_position"":-1,""type"":""P2SH"",""value"":4858180}])"
"BtcTx(block_height=643950, block_hash=0000000000000000000c28443f33a673413943d5ae2c0b1fd873946a833137d4, block_time=1597553558, confirmations=1, fee=27120, hash=a7e7b6bd4325d628f43fe00864a94c6b9d667754e2c14d052cf31cad4e4e5821, inputs_count=1, inputs_value=419869, is_coinbase=false, is_double_spend=false, is_sw_tx=false, lock_time=0, outputs_count=1, outputs_value=392749, sigops=4, size=191, version=1, vsize=191, weight=764, witness_hash=a7e7b6bd4325d628f43fe00864a94c6b9d667754e2c14d052cf31cad4e4e5821, inputs=[{""sequence"":4294967295,""prev_addresses"":[""1EFBPFwpwqobfXUGvfbxebi44UkgQMTUPa""],""prev_tx_hash"":""e3154131321b5488798c3a29505f8edcfe6559949c1e2fb51cc1206baec5f545"",""prev_value"":419869,""prev_position"":3,""prev_type"":""P2PKH""}], outputs=[{""spent_by_tx"":"""",""addresses"":[""1Pzzcia5EzTvVUjFHNhqswLFKCPxupwY5G""],""spent_by_tx_position"":-1,""type"":""P2PKH"",""value"":392749}])"
"BtcTx(block_height=643950, block_hash=0000000000000000000c28443f33a673413943d5ae2c0b1fd873946a833137d4, block_time=1597553558, confirmations=1, fee=36774, hash=5c697dbd220aa89fbb575289b3036457f204c0277cd6f51bd84c23138e0911d0, inputs_count=2, inputs_value=160414, is_coinbase=false, is_double_spend=false, is_sw_tx=true, lock_time=0, outputs_count=2, outputs_value=123640, sigops=6, size=421, version=1, vsize=259, weight=1033, witness_hash=38bd48a95b7a6273bcac02d4980d1ee7e838db9af7cb64b4831453b670ed6139, inputs=[{""sequence"":4294967293,""prev_addresses"":[""3QKRoCHc7uH6uvJnRjovtCDuNHYpXVGNiH""],""prev_tx_hash"":""9af1bfe2feca73207899ea2ccfed6fb4ef3ce3a9364305572f48071f45d65017"",""prev_value"":80138,""prev_position"":0,""prev_type"":""P2SH""},{""sequence"":4294967293,""prev_addresses"":[""3EzMaHpCMGiFnawehsDvsdXekG7XgarFne""],""prev_tx_hash"":""c4dc81f330d25ff42a137228d333f56b48d4372509a9c596e97a51c969a5829c"",""prev_value"":80276,""prev_position"":0,""prev_type"":""P2SH""}], outputs=[{""spent_by_tx"":"""",""addresses"":[""16FVkDhRDBdJdnLK23A7B4khdNwJSXkTXX""],""spent_by_tx_position"":-1,""type"":""P2PKH"",""value"":80467},{""spent_by_tx"":"""",""addresses"":[""3JocXDRHyrawszeMLU658cwG7Wi3vhKAt6""],""spent_by_tx_position"":-1,""type"":""P2SH"",""value"":43173}])"
"BtcTx(block_height=643950, block_hash=0000000000000000000c28443f33a673413943d5ae2c0b1fd873946a833137d4, block_time=1597553558, confirmations=1, fee=18900, hash=754b5e816cda297f2ef228dc1b0de0d0bc4e1c2768b97e6597a6f537db027048, inputs_count=1, inputs_value=100510, is_coinbase=false, is_double_spend=false, is_sw_tx=true, lock_time=0, outputs_count=1, outputs_value=81610, sigops=5, size=217, version=1, vsize=136, weight=541, witness_hash=8e2e80463fe22f0da21fc9a38c02d63e2f8caab3aa8b75ac27d7870ad678f896, inputs=[{""sequence"":4027431614,""prev_addresses"":[""3Q4WN1DbNH3zjzsijVWHQJCWnB97DE8WXh""],""prev_tx_hash"":""207b77e4e75a785e55a709fadfc8f048ab42ff3b1019f7de9477bbbc540aed10"",""prev_value"":100510,""prev_position"":5,""prev_type"":""P2SH""}], outputs=[{""spent_by_tx"":"""",""addresses"":[""1A1nyV9Hnib9t2AtDYvi5arsgYmQWNTqMJ""],""spent_by_tx_position"":-1,""type"":""P2PKH"",""value"":81610}])"
"BtcTx(block_height=643950, block_hash=0000000000000000000c28443f33a673413943d5ae2c0b1fd873946a833137d4, block_time=1597553558, confirmations=1, fee=20000, hash=7c5d2f9cd7844a27da6469279c85459fb54f63fa2492ad6ef409384a2a7d59f8, inputs_count=1, inputs_value=14130098, is_coinbase=false, is_double_spend=false, is_sw_tx=true, lock_time=0, outputs_count=2, outputs_value=14110098, sigops=5, size=225, version=1, vsize=144, weight=573, witness_hash=504add2b2e9d4e50157a6e2cf14058f74ca45cb9f0ca51760f9b1ad960b8d753, inputs=[{""sequence"":4294967295,""prev_addresses"":[""bc1qq2x0vx5dhm48gyyrym9z2f9qqz0fwpt56637la""],""prev_tx_hash"":""ef2c4add0ff68218ca5e07cac204d77c1b9e7d19792fb555ba24a05e75881669"",""prev_value"":14130098,""prev_position"":1,""prev_type"":""P2WPKH_V0""}], outputs=[{""spent_by_tx"":"""",""addresses"":[""1CfhYfrnsow4SgHSh919SystKdSZLfRGmn""],""spent_by_tx_position"":-1,""type"":""P2PKH"",""value"":10245412},{""spent_by_tx"":"""",""addresses"":[""bc1qq2x0vx5dhm48gyyrym9z2f9qqz0fwpt56637la""],""spent_by_tx_position"":-1,""type"":""P2WPKH_V0"",""value"":3864686}])"
"BtcTx(block_height=643950, block_hash=0000000000000000000c28443f33a673413943d5ae2c0b1fd873946a833137d4, block_time=1597553558, confirmations=1, fee=14976, hash=58d3f6dc8ec14228f401729a8688fee674902c9d2fb8d575e9eac374609f0780, inputs_count=1, inputs_value=5532646, is_coinbase=false, is_double_spend=false, is_sw_tx=true, lock_time=0, outputs_count=1, outputs_value=5517670, sigops=1, size=193, version=2, vsize=111, weight=442, witness_hash=f0ee94c770b3a4cf03f48c39e2c7c624eef4347f730cdd02d3c25f0a1dc702f8, inputs=[{""sequence"":2147483648,""prev_addresses"":[""bc1qrtjfvskv6ge2v5fzn85fv80h4gtqcrr0zyqwul""],""prev_tx_hash"":""3b13d0b9ec032894ec924d12347bc05413339e17d8dc4ab9abdb445946b397d6"",""prev_value"":5532646,""prev_position"":20,""prev_type"":""P2WPKH_V0""}], outputs=[{""spent_by_tx"":"""",""addresses"":[""3LhLYFruzafpnsgNmz6RJJVQ15xgT8pBfk""],""spent_by_tx_position"":-1,""type"":""P2SH"",""value"":5517670}])"
